file,species
0021e90e4.png,Loose Silky-bent
003d61042.png,Scentless Mayweed
007b3da8b.png,Common Chickweed
0086a6340.png,Scentless Mayweed
00c47e980.png,Loose Silky-bent
00d090cde.png,Loose Silky-bent
00ef713a8.png,Scentless Mayweed
01291174f.png,Common Chickweed
026716f9b.png,Scentless Mayweed
02cfeb38d.png,Scentless Mayweed
03566743d.png,Common Chickweed
03a2ee656.png,Charlock
03e322a29.png,Scentless Mayweed
03ef36742.png,Scentless Mayweed
043449b0b.png,Common Chickweed
0437393b1.png,Scentless Mayweed
04814f36d.png,Loose Silky-bent
05341a8a6.png,Scentless Mayweed
060450d79.png,Loose Silky-bent
060f1dc84.png,Black-grass
0625f063b.png,Scentless Mayweed
063363305.png,Loose Silky-bent
06d12f6fa.png,Scentless Mayweed
071cb3ece.png,Loose Silky-bent
0751c0bbc.png,Common Chickweed
07e62f903.png,Loose Silky-bent
085974290.png,Common Chickweed
0885e7690.png,Scentless Mayweed
089ad62a7.png,Loose Silky-bent
08d591441.png,Common Chickweed
0911d3dee.png,Common Chickweed
099b961ec.png,Common Chickweed
0a64e3e6c.png,Loose Silky-bent
0ad9e7dfb.png,Common Chickweed
0ae6668fa.png,Scentless Mayweed
0bf7bfb05.png,Common Chickweed
0c27cf05f.png,Common Chickweed
0c4199daa.png,Common Chickweed
0c45ace27.png,Scentless Mayweed
0c51bf229.png,Scentless Mayweed
0c5f6c493.png,Common Chickweed
0caeda5df.png,Scentless Mayweed
0d117d910.png,Common Chickweed
0d31e6602.png,Scentless Mayweed
0dba99002.png,Common Chickweed
0e8492cb1.png,Common Chickweed
0ebf8f2f4.png,Scentless Mayweed
0ee4ad224.png,Scentless Mayweed
0f6cbe5e8.png,Common Chickweed
0fb233ad6.png,Scentless Mayweed
115f93ecc.png,Scentless Mayweed
116b136de.png,Scentless Mayweed
1191ba346.png,Common Chickweed
11d3f68ff.png,Common Chickweed
122913909.png,Common Chickweed
12625488b.png,Common Chickweed
126a71ce0.png,Loose Silky-bent
1312065a5.png,Scentless Mayweed
1364b297a.png,Loose Silky-bent
1376f3b63.png,Scentless Mayweed
13b9fa92d.png,Loose Silky-bent
1459e96a0.png,Loose Silky-bent
148bbda66.png,Loose Silky-bent
14bb43eee.png,Scentless Mayweed
1541bdb2e.png,Scentless Mayweed
1623fb9e1.png,Common Chickweed
16357b436.png,Black-grass
16467a950.png,Common Chickweed
165681fd9.png,Loose Silky-bent
1694a70e4.png,Scentless Mayweed
16fd2e01a.png,Loose Silky-bent
172f9b10b.png,Loose Silky-bent
17529c555.png,Common Chickweed
1758a1baf.png,Common Chickweed
177d7e2a4.png,Loose Silky-bent
17a78fb44.png,Loose Silky-bent
17d5e5ac4.png,Scentless Mayweed
1821eb11a.png,Common Chickweed
187668bde.png,Scentless Mayweed
1926e82fd.png,Loose Silky-bent
19618ad6a.png,Common Chickweed
19b51843a.png,Scentless Mayweed
19e58cc5e.png,Common Chickweed
19fdf19fb.png,Scentless Mayweed
1b490196c.png,Loose Silky-bent
1b6a6494d.png,Loose Silky-bent
1be0713da.png,Cleavers
1bf9b94a6.png,Common Chickweed
1c52ea820.png,Scentless Mayweed
1c680883c.png,Loose Silky-bent
1cfd91582.png,Common Chickweed
1d0cbd819.png,Loose Silky-bent
1d321253f.png,Scentless Mayweed
1d48b7564.png,Loose Silky-bent
1d56351b2.png,Loose Silky-bent
1dc7c45df.png,Scentless Mayweed
1e095a7e1.png,Loose Silky-bent
1f290e016.png,Common Chickweed
1f3f44563.png,Scentless Mayweed
1f5e5554e.png,Common Chickweed
1fefb54b7.png,Loose Silky-bent
205df1df3.png,Common Chickweed
20817c846.png,Loose Silky-bent
20e562fd5.png,Common Chickweed
20ea96bcc.png,Scentless Mayweed
20f983a71.png,Cleavers
2126dc71b.png,Common Chickweed
219fd68d5.png,Scentless Mayweed
223e4af09.png,Common Chickweed
22e79540f.png,Loose Silky-bent
22fbf13d6.png,Common Chickweed
239bdf640.png,Common Chickweed
23bc8ec4f.png,Scentless Mayweed
23e480e64.png,Scentless Mayweed
2406d6c99.png,Scentless Mayweed
241e6935a.png,Loose Silky-bent
248436078.png,Loose Silky-bent
24a058589.png,Charlock
24c94a6ca.png,Common Chickweed
24d36c52c.png,Scentless Mayweed
24d78df74.png,Scentless Mayweed
24dbc3b21.png,Loose Silky-bent
258b1183c.png,Loose Silky-bent
25a4c427e.png,Common Chickweed
25cf6eb73.png,Charlock
25fa8d109.png,Common Chickweed
26852751a.png,Scentless Mayweed
2693e5c65.png,Common Chickweed
26e7ae885.png,Common Chickweed
270b939cf.png,Scentless Mayweed
279df95f2.png,Common Chickweed
288564c76.png,Common Chickweed
29bab7cad.png,Loose Silky-bent
29ce426a1.png,Loose Silky-bent
29f49cd0b.png,Loose Silky-bent
2a5064f19.png,Scentless Mayweed
2a667e099.png,Loose Silky-bent
2b55a2da2.png,Loose Silky-bent
2bd74d2da.png,Loose Silky-bent
2d5058a59.png,Scentless Mayweed
2d992d1fb.png,Common Chickweed
2d9c798f9.png,Loose Silky-bent
2dd5cfba9.png,Common Chickweed
2df78338c.png,Scentless Mayweed
2e86f1085.png,Common Chickweed
2ea664465.png,Scentless Mayweed
2f0004a7f.png,Common Chickweed
2f246d688.png,Common Chickweed
2ff5cb348.png,Scentless Mayweed
30ad31220.png,Scentless Mayweed
3185294c8.png,Common Chickweed
31f3dd81f.png,Loose Silky-bent
31fcdc161.png,Loose Silky-bent
3281183f9.png,Common Chickweed
32a8c8a1d.png,Loose Silky-bent
32b42c120.png,Loose Silky-bent
32c86784b.png,Common Chickweed
33317fc2a.png,Common Chickweed
33448fe39.png,Loose Silky-bent
33748968f.png,Scentless Mayweed
338c7e907.png,Common Chickweed
34dd57ca9.png,Loose Silky-bent
3526b05cc.png,Common Chickweed
35a90f8d0.png,Common Chickweed
35cf9fa01.png,Scentless Mayweed
35ebe165c.png,Loose Silky-bent
36839d5e9.png,Scentless Mayweed
36d62bf36.png,Common Chickweed
36ed4f215.png,Scentless Mayweed
37297a64c.png,Loose Silky-bent
37714071b.png,Scentless Mayweed
377283a21.png,Common Chickweed
37c3108d6.png,Scentless Mayweed
37e545a60.png,Loose Silky-bent
3827436f3.png,Common Chickweed
38c054379.png,Loose Silky-bent
391dcd7fd.png,Scentless Mayweed
39858776a.png,Loose Silky-bent
39b740f7e.png,Scentless Mayweed
39c8fde99.png,Scentless Mayweed
39d569be4.png,Common Chickweed
3a909ead8.png,Scentless Mayweed
3abb502fb.png,Common Chickweed
3b73c3b61.png,Common Chickweed
3bbef3ecb.png,Loose Silky-bent
3d38a87bc.png,Scentless Mayweed
3d65168c2.png,Scentless Mayweed
3d67c434b.png,Common Chickweed
3da774107.png,Common Chickweed
3dd52bd2a.png,Common Chickweed
3e9f41817.png,Loose Silky-bent
3ebbe9ca4.png,Loose Silky-bent
3eda9cbb6.png,Common Chickweed
3edf5e9ef.png,Common Chickweed
3eebd36c6.png,Loose Silky-bent
3efa1f66c.png,Scentless Mayweed
3f64c2c1b.png,Common Chickweed
3f826b318.png,Common Chickweed
3f92d8039.png,Scentless Mayweed
3fbd0fc6a.png,Loose Silky-bent
3fbf1a417.png,Black-grass
4049a6ea6.png,Loose Silky-bent
406162ef9.png,Loose Silky-bent
406ecb5c5.png,Loose Silky-bent
410e6f702.png,Scentless Mayweed
41e07778c.png,Scentless Mayweed
41f1c3cdb.png,Scentless Mayweed
4287d810c.png,Scentless Mayweed
429211ee6.png,Common Chickweed
42e7ed442.png,Common Chickweed
4392d93cf.png,Loose Silky-bent
43ede9de9.png,Scentless Mayweed
444473900.png,Scentless Mayweed
446f7da01.png,Scentless Mayweed
44e8b8833.png,Loose Silky-bent
456d507c0.png,Loose Silky-bent
466bb6d3b.png,Loose Silky-bent
46c14fde2.png,Loose Silky-bent
47b7d8e17.png,Loose Silky-bent
47f9e5d91.png,Common Chickweed
48231e475.png,Scentless Mayweed
4823c3ffa.png,Scentless Mayweed
486e59179.png,Scentless Mayweed
48d97c645.png,Common Chickweed
48ef6a2ff.png,Common Chickweed
490c4f9c8.png,Common Chickweed
4a337a4a9.png,Loose Silky-bent
4ac29bbf0.png,Scentless Mayweed
4b032563b.png,Scentless Mayweed
4b155fb07.png,Loose Silky-bent
4bbf1f6ea.png,Scentless Mayweed
4bbfd1e05.png,Loose Silky-bent
4bcdaa5e2.png,Cleavers
4c5ab9b68.png,Common Chickweed
4c7838de4.png,Loose Silky-bent
4c8005bbc.png,Common Chickweed
4e1190d78.png,Scentless Mayweed
4e18ab737.png,Black-grass
4e69d100a.png,Loose Silky-bent
4e9d3765f.png,Loose Silky-bent
4ea7493d5.png,Scentless Mayweed
4f44ca525.png,Common Chickweed
4f83143e1.png,Loose Silky-bent
502dff972.png,Black-grass
506347cfe.png,Scentless Mayweed
50de8a115.png,Common Chickweed
521b27a17.png,Scentless Mayweed
523e5505c.png,Loose Silky-bent
5296835a0.png,Loose Silky-bent
52a87abe5.png,Common Chickweed
52dc7a4d6.png,Loose Silky-bent
5315c2dca.png,Scentless Mayweed
534e74d83.png,Scentless Mayweed
539961189.png,Common Chickweed
53ceb4657.png,Common Chickweed
53e6e9000.png,Scentless Mayweed
54b3afd58.png,Loose Silky-bent
54c8bb900.png,Loose Silky-bent
550a8b7e6.png,Scentless Mayweed
55251925f.png,Common Chickweed
558aa7deb.png,Common Chickweed
55920f07f.png,Loose Silky-bent
55a852f40.png,Scentless Mayweed
55fed435f.png,Maize
56112b92c.png,Common Chickweed
56a01b835.png,Scentless Mayweed
5779fe8b4.png,Common Chickweed
5817b766d.png,Loose Silky-bent
5883b423d.png,Scentless Mayweed
589e643b8.png,Scentless Mayweed
590f5aea6.png,Common Chickweed
592473c83.png,Common Chickweed
592cc5b89.png,Common Chickweed
59358cd44.png,Common Chickweed
593896f83.png,Scentless Mayweed
599691cd9.png,Scentless Mayweed
599c82eea.png,Scentless Mayweed
59b2c6f2b.png,Common Chickweed
59c6a9f95.png,Common Chickweed
59e1cea8d.png,Scentless Mayweed
59f62ad1d.png,Loose Silky-bent
5a38ac566.png,Common Chickweed
5a6bf96f6.png,Common Chickweed
5af1d74ee.png,Loose Silky-bent
5b3000b9a.png,Common Chickweed
5b3beec58.png,Scentless Mayweed
5b63dcc21.png,Scentless Mayweed
5bbc0a255.png,Loose Silky-bent
5bc6595f6.png,Scentless Mayweed
5bd71f445.png,Common Chickweed
5bdcfa329.png,Common Chickweed
5c3cd7ea2.png,Common Chickweed
5ca0205f9.png,Loose Silky-bent
5ca2687a4.png,Scentless Mayweed
5dcad9a53.png,Loose Silky-bent
5e6a237f2.png,Common Chickweed
5eb9c26a6.png,Loose Silky-bent
5ee9d0a5b.png,Loose Silky-bent
5f04aed97.png,Common Chickweed
6049234e6.png,Scentless Mayweed
604dd663f.png,Scentless Mayweed
606647f64.png,Scentless Mayweed
60ee66ddd.png,Black-grass
60f0bc617.png,Charlock
60fea2ef6.png,Scentless Mayweed
615d2b0a9.png,Loose Silky-bent
618de3d7a.png,Scentless Mayweed
61b044411.png,Scentless Mayweed
61dd2cdc5.png,Loose Silky-bent
632156793.png,Loose Silky-bent
63c07d340.png,Scentless Mayweed
647689543.png,Loose Silky-bent
64fe8beb9.png,Scentless Mayweed
653193c1a.png,Scentless Mayweed
65489944f.png,Loose Silky-bent
659412b1a.png,Common Chickweed
65d08b894.png,Scentless Mayweed
65e262a6d.png,Black-grass
65e97117e.png,Common Chickweed
664194d19.png,Common Chickweed
6680836dd.png,Loose Silky-bent
668c1007c.png,Cleavers
66ab0e8d0.png,Common Chickweed
675ec1b0b.png,Common Chickweed
67ce3eaa6.png,Common Chickweed
67e185673.png,Loose Silky-bent
686dc7ec8.png,Scentless Mayweed
6908fb540.png,Common Chickweed
6982a9d30.png,Common Chickweed
699d3c707.png,Common Chickweed
69d1669f8.png,Loose Silky-bent
6a41bf95b.png,Common Chickweed
6a47821f9.png,Common Chickweed
6b721f68e.png,Common Chickweed
6b9d6f8c9.png,Scentless Mayweed
6ba4ef411.png,Loose Silky-bent
6bce55e05.png,Scentless Mayweed
6be169e41.png,Scentless Mayweed
6c874918c.png,Common Chickweed
6d6eb3830.png,Loose Silky-bent
6da892be6.png,Common Chickweed
6db684fff.png,Loose Silky-bent
6dd095129.png,Common Chickweed
6df8e31ea.png,Loose Silky-bent
6edb96d45.png,Scentless Mayweed
6edc76e7c.png,Common Chickweed
711b46fba.png,Loose Silky-bent
71334c634.png,Common Chickweed
71b232519.png,Scentless Mayweed
71e73a8a0.png,Scentless Mayweed
71f5323c5.png,Common Chickweed
721b2c47a.png,Loose Silky-bent
721be0a4a.png,Common Chickweed
728eabae1.png,Scentless Mayweed
73260a4ee.png,Scentless Mayweed
74068643d.png,Common Chickweed
74d810f87.png,Common Chickweed
74fd477eb.png,Common Chickweed
7506c0c02.png,Common Chickweed
752101fdf.png,Loose Silky-bent
754b1adf8.png,Loose Silky-bent
756dd5070.png,Scentless Mayweed
75cb95e91.png,Loose Silky-bent
7615e52d3.png,Loose Silky-bent
76555b064.png,Common Chickweed
7691014a1.png,Small-flowered Cranesbill
7696badea.png,Loose Silky-bent
76dbd1054.png,Common Chickweed
770a265f5.png,Scentless Mayweed
77ccb8b2a.png,Loose Silky-bent
780bd2a2c.png,Common Chickweed
780defa2e.png,Loose Silky-bent
785a73ab8.png,Common Chickweed
78750e0ff.png,Loose Silky-bent
78b1bf91a.png,Loose Silky-bent
78c5fba1d.png,Loose Silky-bent
79d93bc96.png,Scentless Mayweed
79dafec17.png,Common Chickweed
79e5ea8fa.png,Common Chickweed
79fba50db.png,Scentless Mayweed
7a38416be.png,Common Chickweed
7b21ba6ba.png,Common Chickweed
7b52585da.png,Common Chickweed
7beb2766f.png,Common Chickweed
7c85b0265.png,Loose Silky-bent
7cabd68cc.png,Scentless Mayweed
7d22abf91.png,Scentless Mayweed
7d3045fc3.png,Common Chickweed
7d4cd07ad.png,Loose Silky-bent
7e9cf1c46.png,Loose Silky-bent
7f31c7f42.png,Scentless Mayweed
7f46a71db.png,Scentless Mayweed
7f9e9565d.png,Loose Silky-bent
7fdb7202d.png,Common Chickweed
800a8c17e.png,Scentless Mayweed
808578ed5.png,Common Chickweed
808cf55c6.png,Loose Silky-bent
809eb0b82.png,Loose Silky-bent
80e299ae9.png,Loose Silky-bent
8104422bb.png,Common Chickweed
8170d33c1.png,Scentless Mayweed
824f5d4e5.png,Loose Silky-bent
827279bad.png,Common Chickweed
82b5f4d33.png,Loose Silky-bent
8301b0547.png,Common Chickweed
8303b27ed.png,Scentless Mayweed
8311740de.png,Loose Silky-bent
835dc5447.png,Common Chickweed
837ac0270.png,Loose Silky-bent
8455169fe.png,Common Chickweed
851c90831.png,Scentless Mayweed
85431c075.png,Loose Silky-bent
855955aaf.png,Scentless Mayweed
856f2910a.png,Common Chickweed
8585f9718.png,Common Chickweed
862b8e7a0.png,Scentless Mayweed
86676d627.png,Loose Silky-bent
866be78b0.png,Scentless Mayweed
86c309150.png,Loose Silky-bent
86f08e6d1.png,Scentless Mayweed
87608f7aa.png,Loose Silky-bent
87f627bf9.png,Scentless Mayweed
8874bba69.png,Common Chickweed
88ac6df54.png,Common Chickweed
88d8a4508.png,Loose Silky-bent
8916793ce.png,Black-grass
892e9d6c6.png,Scentless Mayweed
897e5a8de.png,Scentless Mayweed
8a30b2de3.png,Common Chickweed
8a32d0bfa.png,Black-grass
8a4d3a1b1.png,Common Chickweed
8a8d6c712.png,Loose Silky-bent
8ab8a958b.png,Scentless Mayweed
8b043093d.png,Scentless Mayweed
8b27bfd2b.png,Scentless Mayweed
8b9144917.png,Common Chickweed
8bc0261c9.png,Common Chickweed
8c98a6e9b.png,Common Chickweed
8c9953903.png,Loose Silky-bent
8ca6140ca.png,Loose Silky-bent
8cf2e3e6c.png,Common Chickweed
8cf909eb3.png,Loose Silky-bent
8cfd98117.png,Loose Silky-bent
8d6991365.png,Common Chickweed
8d6acbe9b.png,Common Chickweed
8db450ce3.png,Common Chickweed
8dbb8e1b9.png,Scentless Mayweed
8e29abce1.png,Common Chickweed
8e2e5604e.png,Common Chickweed
8e3ed0a25.png,Loose Silky-bent
8e4eaeec0.png,Common Chickweed
8e6ec1ca6.png,Common Chickweed
8ece6efec.png,Loose Silky-bent
8f523520c.png,Scentless Mayweed
8faadb6a8.png,Loose Silky-bent
90b595f12.png,Common Chickweed
90d119d25.png,Scentless Mayweed
91e469b4a.png,Scentless Mayweed
92292055d.png,Loose Silky-bent
93079d970.png,Scentless Mayweed
9326bda1b.png,Common Chickweed
93d76fd5d.png,Common Chickweed
948cdb277.png,Common Chickweed
9516e56c4.png,Common Chickweed
953496deb.png,Common Chickweed
958bb9e96.png,Scentless Mayweed
963544aa0.png,Common Chickweed
9643fc5f4.png,Common Chickweed
966ae5ad9.png,Scentless Mayweed
969a851be.png,Common Chickweed
96ecad7a1.png,Black-grass
96f14d90c.png,Loose Silky-bent
974959ec1.png,Scentless Mayweed
976e4e079.png,Scentless Mayweed
97844bfd5.png,Loose Silky-bent
97b2f0a10.png,Black-grass
98062cd87.png,Loose Silky-bent
98d819587.png,Loose Silky-bent
98da6ef4e.png,Scentless Mayweed
99036c51d.png,Common Chickweed
99569b224.png,Common Chickweed
995c7ab1e.png,Common Chickweed
9a3f20121.png,Common Chickweed
9aa5587fe.png,Common Chickweed
9b4800b42.png,Loose Silky-bent
9b9911f20.png,Loose Silky-bent
9baf94467.png,Scentless Mayweed
9c0c5b731.png,Common Chickweed
9c32a797e.png,Scentless Mayweed
9c777333d.png,Loose Silky-bent
9c8b08a24.png,Scentless Mayweed
9cce7328c.png,Loose Silky-bent
9d3cb4745.png,Scentless Mayweed
9d79a1f0c.png,Common Chickweed
9df3275da.png,Common Chickweed
9fab816f2.png,Loose Silky-bent
a006a475c.png,Scentless Mayweed
a060c1cf8.png,Loose Silky-bent
a0b393945.png,Loose Silky-bent
a0f37c726.png,Common Chickweed
a169b71e7.png,Loose Silky-bent
a19c3faca.png,Loose Silky-bent
a1da8be3c.png,Common Chickweed
a1e0a6c02.png,Cleavers
a254d71f6.png,Common Chickweed
a276c65f7.png,Common Chickweed
a2b703e21.png,Common Chickweed
a2c89c367.png,Scentless Mayweed
a2d25b4f3.png,Loose Silky-bent
a35fd6fbb.png,Scentless Mayweed
a38b8a581.png,Scentless Mayweed
a3b375b34.png,Common Chickweed
a3d0031fd.png,Common Chickweed
a4b61a4ea.png,Common Chickweed
a544fc46d.png,Loose Silky-bent
a55d26a4c.png,Loose Silky-bent
a5db42f7d.png,Common Chickweed
a74bf916d.png,Scentless Mayweed
a74d475c2.png,Common Chickweed
a7bd7cadb.png,Common Chickweed
a800caead.png,Common Chickweed
a83820a2c.png,Common Chickweed
a8388a37f.png,Common Chickweed
a85b48a95.png,Scentless Mayweed
a85fc8c9a.png,Common Chickweed
a890ac088.png,Common Chickweed
a8b431a3e.png,Scentless Mayweed
a8c8a1db0.png,Loose Silky-bent
a8da9c08d.png,Loose Silky-bent
a8de7c1b7.png,Common Chickweed
a935ca110.png,Common Chickweed
a93f940d6.png,Loose Silky-bent
a9d2eab61.png,Common Chickweed
aa7d098d1.png,Scentless Mayweed
aad8375e0.png,Common Chickweed
aaf4da98f.png,Common Chickweed
ab0f67743.png,Common Chickweed
ab35453cb.png,Loose Silky-bent
abc331628.png,Loose Silky-bent
abf8b0772.png,Common Chickweed
ac3193f78.png,Loose Silky-bent
ac75d3326.png,Common Chickweed
acdb75e00.png,Loose Silky-bent
ace8761dd.png,Loose Silky-bent
ad12382d4.png,Common Chickweed
adb7a032c.png,Common Chickweed
ae90f2827.png,Common Chickweed
aecfaed64.png,Scentless Mayweed
aee6fa3df.png,Scentless Mayweed
af45e222a.png,Loose Silky-bent
afa446484.png,Loose Silky-bent
afcf6abd5.png,Scentless Mayweed
b026bf8ca.png,Common Chickweed
b03397525.png,Loose Silky-bent
b0acaff4a.png,Loose Silky-bent
b130a0632.png,Common Chickweed
b145ba9d4.png,Loose Silky-bent
b1cd2a91e.png,Scentless Mayweed
b215531dd.png,Loose Silky-bent
b2706e2b3.png,Scentless Mayweed
b29339405.png,Common Chickweed
b30ab4659.png,Loose Silky-bent
b31292706.png,Scentless Mayweed
b341d0aab.png,Scentless Mayweed
b39c71707.png,Common Chickweed
b3d6fdb80.png,Scentless Mayweed
b3e08b037.png,Loose Silky-bent
b47691c08.png,Loose Silky-bent
b4c3df835.png,Common Chickweed
b4f7c9214.png,Common Chickweed
b573b7a56.png,Common Chickweed
b5c7fd009.png,Black-grass
b62dca166.png,Common Chickweed
b687160f5.png,Common Chickweed
b6a3f7876.png,Common Chickweed
b6f3d8b5d.png,Scentless Mayweed
b7192c70f.png,Loose Silky-bent
b7a7f6390.png,Loose Silky-bent
b7ad92859.png,Common Chickweed
b828443ff.png,Loose Silky-bent
b9062c1c8.png,Scentless Mayweed
b944a49ca.png,Common Chickweed
b98327bf4.png,Common Chickweed
ba3ce6b3e.png,Scentless Mayweed
bb1c84bbc.png,Common Chickweed
bb1d1bfd3.png,Loose Silky-bent
bb20fce02.png,Common Chickweed
bb64660b7.png,Common Chickweed
bb7621cb3.png,Common Chickweed
bd72d4d8a.png,Scentless Mayweed
bd789d151.png,Scentless Mayweed
bdde957ec.png,Common Chickweed
be2499cf4.png,Scentless Mayweed
be341dbdc.png,Common Chickweed
bea23d9f8.png,Scentless Mayweed
bebcaab66.png,Scentless Mayweed
beebe5f4e.png,Scentless Mayweed
bf3924a57.png,Loose Silky-bent
bf66b9cd2.png,Loose Silky-bent
bfab3e3d0.png,Scentless Mayweed
bffc08672.png,Scentless Mayweed
c0461776c.png,Common Chickweed
c069fc3fa.png,Scentless Mayweed
c06e7c748.png,Scentless Mayweed
c0bc3997b.png,Scentless Mayweed
c0d9e170b.png,Loose Silky-bent
c0f5d9ac8.png,Scentless Mayweed
c10ccbd82.png,Scentless Mayweed
c10db7ae2.png,Scentless Mayweed
c1ecff98b.png,Loose Silky-bent
c26ccf73c.png,Common Chickweed
c2de6020a.png,Scentless Mayweed
c35efa095.png,Common Chickweed
c4ed8ed38.png,Scentless Mayweed
c50335991.png,Common Chickweed
c5078bac5.png,Common Chickweed
c5e419015.png,Loose Silky-bent
c5e88cd42.png,Loose Silky-bent
c60e91e07.png,Common Chickweed
c63da993b.png,Scentless Mayweed
c64370a72.png,Common Chickweed
c6b76307d.png,Cleavers
c6c8d4ba0.png,Common Chickweed
c7051c902.png,Loose Silky-bent
c74c5b7fc.png,Fat Hen
c75a82234.png,Scentless Mayweed
c7ae30f3a.png,Common Chickweed
c7b07431e.png,Scentless Mayweed
c7eb96871.png,Loose Silky-bent
c832e4302.png,Loose Silky-bent
c85ef220d.png,Scentless Mayweed
c88ebfb47.png,Common Chickweed
c8f50f0c3.png,Loose Silky-bent
caa2fbd79.png,Common Chickweed
cadab6616.png,Scentless Mayweed
cae684f8f.png,Common Chickweed
cb496f36e.png,Scentless Mayweed
cb76a7766.png,Common Chickweed
cbba27d89.png,Scentless Mayweed
cbe761896.png,Loose Silky-bent
cc3d2a59a.png,Common Chickweed
cc74feadc.png,Common Chickweed
cd5f0db1c.png,Charlock
cd6adba97.png,Loose Silky-bent
ce15eee52.png,Scentless Mayweed
ce3d280eb.png,Scentless Mayweed
ce42adffb.png,Loose Silky-bent
cec5bf198.png,Loose Silky-bent
cf3a8b2fd.png,Common Chickweed
cf46d09c5.png,Common Chickweed
cf90fc52d.png,Common Chickweed
cfb18d262.png,Scentless Mayweed
cfd8165e9.png,Charlock
d0152bd7c.png,Loose Silky-bent
d01873fdd.png,Common Chickweed
d09275360.png,Common Chickweed
d09d24c58.png,Common Chickweed
d0cdc768f.png,Loose Silky-bent
d102e1a15.png,Charlock
d14aa43f3.png,Common Chickweed
d17f48d3b.png,Common Chickweed
d2f0f326e.png,Scentless Mayweed
d2f422ccb.png,Scentless Mayweed
d2fd9df40.png,Loose Silky-bent
d3331e071.png,Scentless Mayweed
d350a25fa.png,Common Chickweed
d41d87796.png,Scentless Mayweed
d488a4fe1.png,Scentless Mayweed
d515398fd.png,Common Chickweed
d563be369.png,Common Chickweed
d5f7dd60a.png,Common Chickweed
d668409ff.png,Common Chickweed
d689256be.png,Loose Silky-bent
d6c8c3c48.png,Common Chickweed
d6d31dcbe.png,Common Chickweed
d6d80a321.png,Scentless Mayweed
d7017f701.png,Common Chickweed
d84d37a61.png,Scentless Mayweed
d89db156f.png,Common Chickweed
d8f4923f8.png,Common Chickweed
d93c7ab6d.png,Loose Silky-bent
d9c50616e.png,Loose Silky-bent
da231c97f.png,Common Chickweed
da4ed3a28.png,Loose Silky-bent
da5255450.png,Loose Silky-bent
da713c465.png,Loose Silky-bent
da9ef7858.png,Loose Silky-bent
dabe3e5be.png,Black-grass
dabea05f4.png,Scentless Mayweed
dc4cd56a3.png,Common Chickweed
dc55449b2.png,Common Chickweed
dcd7ff249.png,Scentless Mayweed
dce2f6612.png,Common Chickweed
dd5ec63d9.png,Scentless Mayweed
dd9f36df7.png,Loose Silky-bent
de0b79659.png,Scentless Mayweed
df11d56a7.png,Scentless Mayweed
df521c0c0.png,Common Chickweed
df7cb5f87.png,Common Chickweed
dfb1d9012.png,Loose Silky-bent
e0ec5b6a1.png,Loose Silky-bent
e14afa235.png,Loose Silky-bent
e15472085.png,Loose Silky-bent
e15fce4f2.png,Loose Silky-bent
e1809cef2.png,Scentless Mayweed
e19673dc9.png,Scentless Mayweed
e19ad6ac9.png,Common Chickweed
e1a0e3202.png,Scentless Mayweed
e1abb4ff9.png,Scentless Mayweed
e3f50adfc.png,Loose Silky-bent
e471f1d3a.png,Loose Silky-bent
e478c452c.png,Common Chickweed
e4a76885b.png,Common Chickweed
e4d5ec761.png,Common Chickweed
e5064f6be.png,Loose Silky-bent
e52493d0b.png,Scentless Mayweed
e5297b675.png,Common Chickweed
e5368474f.png,Common Chickweed
e5881dd33.png,Black-grass
e5e3dccff.png,Common Chickweed
e6f1211a2.png,Common Chickweed
e7077322d.png,Scentless Mayweed
e721c6ac8.png,Common Chickweed
e73e308be.png,Common Chickweed
e783f5a4f.png,Scentless Mayweed
e80a259c5.png,Loose Silky-bent
e82017baa.png,Loose Silky-bent
e84464f5a.png,Scentless Mayweed
e88bf0db9.png,Loose Silky-bent
e901b0f28.png,Common Chickweed
e921021a8.png,Loose Silky-bent
e96e57a90.png,Common Chickweed
e98e5d1d5.png,Common Chickweed
e9cd91682.png,Loose Silky-bent
e9d48d664.png,Loose Silky-bent
eaf0815e2.png,Scentless Mayweed
ec08a5d56.png,Loose Silky-bent
ede6b84b4.png,Common Chickweed
edfdb4aeb.png,Common Chickweed
eec1079a1.png,Loose Silky-bent
eef131644.png,Common Chickweed
ef02b4ee7.png,Loose Silky-bent
ef3e232ad.png,Scentless Mayweed
ef65533d5.png,Common Chickweed
ef74dbcad.png,Loose Silky-bent
ef7a5651d.png,Common Chickweed
ef9676433.png,Scentless Mayweed
efe19dc32.png,Scentless Mayweed
f0ffa00bd.png,Scentless Mayweed
f1e87cba7.png,Loose Silky-bent
f1f7c833f.png,Common Chickweed
f23faf9c1.png,Common Chickweed
f25996db8.png,Common Chickweed
f2dc546ca.png,Loose Silky-bent
f33e9d918.png,Scentless Mayweed
f351ce097.png,Loose Silky-bent
f3fcfff1b.png,Loose Silky-bent
f4021df6c.png,Loose Silky-bent
f4234cf4f.png,Loose Silky-bent
f445fe6fb.png,Scentless Mayweed
f48916a8c.png,Common Chickweed
f4ad9d950.png,Common Chickweed
f4caf74f9.png,Scentless Mayweed
f4e7733d4.png,Loose Silky-bent
f593c9cf0.png,Scentless Mayweed
f66ae4070.png,Scentless Mayweed
f6d250856.png,Scentless Mayweed
f8318faf1.png,Common Chickweed
f85ed9b6d.png,Common Chickweed
f9b6bfb00.png,Scentless Mayweed
f9ea23fb5.png,Loose Silky-bent
f9f35cbd4.png,Loose Silky-bent
fa5fd1384.png,Loose Silky-bent
fa9f3a8f9.png,Common Chickweed
fadc6adbc.png,Loose Silky-bent
fb022edf9.png,Scentless Mayweed
fba8fc78a.png,Loose Silky-bent
fbf88b6be.png,Scentless Mayweed
fc3e58836.png,Scentless Mayweed
fc6f686fb.png,Scentless Mayweed
fd253a74e.png,Fat Hen
fd87b36ae.png,Scentless Mayweed
fd925f542.png,Common Chickweed
fda0b5c38.png,Loose Silky-bent
fda39e16f.png,Common Chickweed
fdea6b119.png,Scentless Mayweed
fe29629fb.png,Common Chickweed
fe9e87b78.png,Scentless Mayweed
fea1d13d6.png,Loose Silky-bent
fea355851.png,Scentless Mayweed
fea3da57c.png,Loose Silky-bent
fef2ade8c.png,Scentless Mayweed
ff65bc002.png,Scentless Mayweed
ffc6f8527.png,Common Chickweed
